<?xml version="1.0" encoding="UTF-8"?>
<project-private xmlns="http://www.netbeans.org/ns/project-private/1">
    <editor-bookmarks xmlns="http://www.netbeans.org/ns/editor-bookmarks/2" lastBookmarkId="0"/>
    <open-files xmlns="http://www.netbeans.org/ns/projectui-open-files/2">
        <group>
            <file>file:/C:/Users/drost/source/repos/Windesheim/Leerjaar%201/Periode%203/Programmeren%20microcontroller/Week%202/Week5_ADC.X/mcc_generated_files/adc/src/adc0.c</file>
            <file>file:/C:/Users/drost/source/repos/Windesheim/Leerjaar%201/Periode%203/Programmeren%20microcontroller/Week%202/Week5_ADC.X/main.c</file>
        </group>
    </open-files>
</project-private>
